{"0.727668721490079":{"user_id":3},"0.28622874595547687":{"user_id":3}}